Student_ID,Gender,Course,Attendance,Assignment_Score,Midterm_Score,Final_Score,Total_Score,Result
S008,Male,Data Science,61,52,48,55,51.67,Pass
S050,Male,Business Administration,60,51,55,53,53.00,Pass
S034,Male,Commerce,62,54,56,52,54.00,Pass
S020,Male,Business Administration,63,55,52,58,55.00,Pass
S070,Male,Business Administration,61,53,57,55,55.00,Pass
S090,Male,Business Administration,63,55,58,57,56.67,Pass
S100,Male,Business Administration,65,57,60,56,57.67,Pass
S004,Male,Commerce,67,58,62,55,58.33,Pass
S040,Male,Business Administration,65,58,60,57,58.33,Pass
S060,Male,Business Administration,64,56,59,61,58.67,Pass
S012,Male,Computer Science,64,57,61,59,59.00,Pass
S064,Male,Commerce,67,59,61,58,59.33,Pass
S024,Male,Commerce,68,60,57,62,59.67,Pass
S080,Male,Business Administration,66,58,62,60,60.00,Pass
S094,Male,Commerce,68,60,62,59,60.33,Pass
S016,Male,Information Technology,69,61,58,63,60.67,Pass
S028,Male,Data Science,66,59,63,60,60.67,Pass
S054,Male,Commerce,69,61,63,60,61.33,Pass
S046,Male,Information Technology,68,62,59,64,61.67,Pass
S084,Male,Commerce,71,64,66,63,64.33,Pass
S038,Male,Data Science,70,63,65,67,65.00,Pass
S030,Male,Business Administration,71,64,67,65,65.33,Pass
S074,Male,Commerce,70,63,65,68,65.33,Pass
S014,Male,Commerce,72,66,64,68,66.00,Pass
S058,Male,Data Science,72,65,68,70,67.67,Pass
S006,Male,Information Technology,73,65,71,69,68.33,Pass
S066,Male,Information Technology,73,66,69,71,68.67,Pass
S044,Male,Commerce,74,67,69,71,69.00,Pass
S086,Male,Information Technology,74,67,69,73,69.67,Pass
S076,Male,Information Technology,75,68,70,72,70.00,Pass
S022,Male,Computer Science,75,68,70,73,70.33,Pass
S010,Male,Business Administration,76,69,73,70,70.67,Pass
S052,Male,Computer Science,76,69,71,74,71.33,Pass
S002,Male,Computer Science,78,72,68,75,71.67,Pass
S036,Male,Information Technology,77,70,72,74,72.00,Pass
S092,Male,Computer Science,77,70,73,75,72.67,Pass
S026,Male,Information Technology,79,71,74,76,73.67,Pass
S049,Female,Commerce,79,74,72,76,74.00,Pass
S062,Male,Computer Science,78,72,74,76,74.00,Pass
S082,Male,Computer Science,79,71,75,77,74.33,Pass
S056,Male,Information Technology,81,75,73,77,75.00,Pass
S042,Male,Computer Science,80,73,76,78,75.67,Pass
S068,Male,Data Science,80,73,76,79,76.00,Pass
S096,Male,Information Technology,80,74,76,78,76.00,Pass
S018,Male,Data Science,81,74,77,79,76.67,Pass
S015,Female,Business Administration,83,75,78,80,77.67,Pass
S032,Male,Computer Science,82,78,75,81,78.00,Pass
S078,Male,Data Science,82,76,78,80,78.00,Pass
S029,Female,Commerce,87,76,81,78,78.33,Pass
S005,Female,Business Administration,84,79,81,77,79.00,Pass
S089,Female,Commerce,83,77,79,81,79.00,Pass
S048,Male,Data Science,83,77,79,82,79.33,Pass
S039,Female,Commerce,84,79,77,83,79.67,Pass
S088,Male,Data Science,85,78,80,82,80.00,Pass
S065,Female,Business Administration,85,80,78,83,80.33,Pass
S072,Male,Computer Science,84,77,81,83,80.33,Pass
S025,Female,Business Administration,85,83,79,82,81.33,Pass
S098,Male,Data Science,86,79,82,84,81.67,Pass
S011,Female,Information Technology,88,82,79,85,82.00,Pass
S019,Female,Commerce,86,80,82,84,82.00,Pass
S055,Female,Business Administration,86,82,80,84,82.00,Pass
S069,Female,Commerce,88,82,80,85,82.33,Pass
S001,Female,Information Technology,92,85,78,88,83.67,Pass
S075,Female,Business Administration,87,81,84,86,83.67,Pass
S099,Female,Commerce,88,83,81,87,83.67,Pass
S045,Female,Business Administration,88,81,85,86,84.00,Pass
S059,Female,Commerce,89,84,86,87,85.67,Pass
S085,Female,Business Administration,89,83,86,88,85.67,Pass
S035,Female,Business Administration,91,88,84,87,86.33,Pass
S095,Female,Business Administration,90,86,84,89,86.33,Pass
S051,Female,Information Technology,90,87,85,88,86.67,Pass
S079,Female,Commerce,90,85,87,89,87.00,Pass
S007,Female,Computer Science,89,88,84,91,87.67,Pass
S033,Female,Data Science,89,85,88,90,87.67,Pass
S071,Female,Information Technology,91,86,88,90,88.00,Pass
S041,Female,Information Technology,92,86,89,91,88.67,Pass
S021,Female,Information Technology,94,89,87,91,89.00,Pass
S013,Female,Data Science,91,87,90,92,89.67,Pass
S063,Female,Data Science,92,88,91,90,89.67,Pass
S091,Female,Information Technology,92,88,90,91,89.67,Pass
S027,Female,Computer Science,93,90,92,89,90.33,Pass
S081,Female,Information Technology,93,89,90,92,90.33,Pass
S003,Female,Data Science,95,91,88,93,90.67,Pass
S047,Female,Computer Science,94,89,91,92,90.67,Pass
S023,Female,Data Science,90,92,86,95,91.00,Pass
S009,Female,Commerce,96,94,91,89,91.33,Pass
S057,Female,Computer Science,93,91,89,94,91.33,Pass
S061,Female,Information Technology,95,90,92,93,91.67,Pass
S077,Female,Computer Science,94,90,92,93,91.67,Pass
S037,Female,Computer Science,95,92,90,94,92.00,Pass
S087,Female,Computer Science,96,91,93,95,93.00,Pass
S073,Female,Data Science,96,92,94,95,93.67,Pass
S093,Female,Data Science,95,93,92,96,93.67,Pass
S017,Female,Computer Science,97,93,95,94,94.00,Pass
S043,Female,Data Science,96,94,93,95,94.00,Pass
S067,Female,Computer Science,97,94,93,96,94.33,Pass
S031,Female,Information Technology,98,95,94,96,95.00,Pass
S097,Female,Computer Science,97,94,95,96,95.00,Pass
S083,Female,Data Science,98,95,94,97,95.33,Pass
S053,Female,Data Science,99,96,95,98,96.33,Pass
